{
  "alloc.chain.bytes": 898493,
  "alloc.member-access-editing.bytes": 19496,
  "alloc.member-access.bytes": 46464,
  "alloc.member-prefix.bytes": 13640,
  "alloc.parse.bytes": 6792,
  "alloc.scope.bytes": 115064,
  "alloc.type-ref.bytes": 13776,
  "latency.chain.ns": 1015055.5,
  "latency.member-access-editing.ns": 134465.16666666666,
  "latency.member-access.ns": 249687.5,
  "latency.member-prefix.ns": 147944.5,
  "latency.parse.ns": 14131.833333333334,
  "latency.scope.ns": 272916.6666666667,
  "latency.type-ref.ns": 70729.16666666667
}
